<?xml version="1.0" encoding="UTF-8" standalone="yes"?>
<?mso-application progid="Word.Document"?>
<w:wordDocument xmlns:aml="http://schemas.microsoft.com/aml/2001/core" xmlns:wpc="http://schemas.microsoft.com/office/word/2010/wordprocessingCanvas" xmlns:cx="http://schemas.microsoft.com/office/drawing/2014/chartex" xmlns:cx1="http://schemas.microsoft.com/office/drawing/2015/9/8/chartex" xmlns:cx2="http://schemas.microsoft.com/office/drawing/2015/10/21/chartex" xmlns:cx3="http://schemas.microsoft.com/office/drawing/2016/5/9/chartex" xmlns:cx4="http://schemas.microsoft.com/office/drawing/2016/5/10/chartex" xmlns:cx5="http://schemas.microsoft.com/office/drawing/2016/5/11/chartex" xmlns:cx6="http://schemas.microsoft.com/office/drawing/2016/5/12/chartex" xmlns:cx7="http://schemas.microsoft.com/office/drawing/2016/5/13/chartex" xmlns:cx8="http://schemas.microsoft.com/office/drawing/2016/5/14/chartex" xmlns:dt="uuid:C2F41010-65B3-11d1-A29F-00AA00C14882" xmlns:mc="http://schemas.openxmlformats.org/markup-compatibility/2006" xmlns:aink="http://schemas.microsoft.com/office/drawing/2016/ink" xmlns:am3d="http://schemas.microsoft.com/office/drawing/2017/model3d" xmlns:o="urn:schemas-microsoft-com:office:office" xmlns:v="urn:schemas-microsoft-com:vml" xmlns:w10="urn:schemas-microsoft-com:office:word" xmlns:w="http://schemas.microsoft.com/office/word/2003/wordml" xmlns:wx="http://schemas.microsoft.com/office/word/2003/auxHint" xmlns:wne="http://schemas.microsoft.com/office/word/2006/wordml" xmlns:wsp="http://schemas.microsoft.com/office/word/2003/wordml/sp2" xmlns:sl="http://schemas.microsoft.com/schemaLibrary/2003/core" w:macrosPresent="no" w:embeddedObjPresent="no" w:ocxPresent="no" xml:space="preserve"><w:ignoreSubtree w:val="http://schemas.microsoft.com/office/word/2003/wordml/sp2"/><o:DocumentProperties><o:Author>Muhammad Hamza</o:Author><o:LastAuthor>Muhammad Hamza</o:LastAuthor><o:Revision>2</o:Revision><o:TotalTime>1</o:TotalTime><o:Created>2019-09-28T05:40:00Z</o:Created><o:LastSaved>2019-09-28T05:40:00Z</o:LastSaved><o:Pages>1</o:Pages><o:Words>140</o:Words><o:Characters>801</o:Characters><o:Lines>6</o:Lines><o:Paragraphs>1</o:Paragraphs><o:CharactersWithSpaces>940</o:CharactersWithSpaces><o:Version>16</o:Version></o:DocumentProperties><w:fonts><w:defaultFonts w:ascii="Calibri" w:fareast="Calibri" w:h-ansi="Calibri" w:cs="Arial"/><w:font w:name="Arial"><w:panose-1 w:val="020B0604020202020204"/><w:charset w:val="00"/><w:family w:val="Swiss"/><w:pitch w:val="variable"/><w:sig w:usb-0="E0002EFF" w:usb-1="C000785B" w:usb-2="00000009" w:usb-3="00000000" w:csb-0="000001FF" w:csb-1="00000000"/></w:font><w:font w:name="Courier New"><w:panose-1 w:val="02070309020205020404"/><w:charset w:val="00"/><w:family w:val="Modern"/><w:pitch w:val="fixed"/><w:sig w:usb-0="E0002EFF" w:usb-1="C0007843" w:usb-2="00000009" w:usb-3="00000000" w:csb-0="000001FF" w:csb-1="00000000"/></w:font><w:font w:name="Cambria Math"><w:panose-1 w:val="02040503050406030204"/><w:charset w:val="00"/><w:family w:val="Roman"/><w:pitch w:val="variable"/><w:sig w:usb-0="00000003" w:usb-1="00000000" w:usb-2="00000000" w:usb-3="00000000" w:csb-0="00000001" w:csb-1="00000000"/></w:font><w:font w:name="Calibri"><w:panose-1 w:val="020F0502020204030204"/><w:charset w:val="00"/><w:family w:val="Swiss"/><w:pitch w:val="variable"/><w:sig w:usb-0="E0002EFF" w:usb-1="C000247B" w:usb-2="00000009" w:usb-3="00000000" w:csb-0="000001FF" w:csb-1="00000000"/></w:font><w:font w:name="Consolas"><w:panose-1 w:val="020B0609020204030204"/><w:charset w:val="00"/><w:family w:val="Modern"/><w:pitch w:val="fixed"/><w:sig w:usb-0="E00006FF" w:usb-1="0000FCFF" w:usb-2="00000001" w:usb-3="00000000" w:csb-0="0000019F" w:csb-1="00000000"/></w:font></w:fonts><w:styles><w:versionOfBuiltInStylenames w:val="7"/><w:latentStyles w:defLockedState="off" w:latentStyleCount="375"><w:lsdException w:name="Normal"/><w:lsdException w:name="heading 1"/><w:lsdException w:name="heading 2"/><w:lsdException w:name="heading 3"/><w:lsdException w:name="heading 4"/><w:lsdException w:name="heading 5"/><w:lsdException w:name="heading 6"/><w:lsdException w:name="heading 7"/><w:lsdException w:name="heading 8"/><w:lsdException w:name="heading 9"/><w:lsdException w:name="index 1"/><w:lsdException w:name="index 2"/><w:lsdException w:name="index 3"/><w:lsdException w:name="index 4"/><w:lsdException w:name="index 5"/><w:lsdException w:name="index 6"/><w:lsdException w:name="index 7"/><w:lsdException w:name="index 8"/><w:lsdException w:name="index 9"/><w:lsdException w:name="toc 1"/><w:lsdException w:name="toc 2"/><w:lsdException w:name="toc 3"/><w:lsdException w:name="toc 4"/><w:lsdException w:name="toc 5"/><w:lsdException w:name="toc 6"/><w:lsdException w:name="toc 7"/><w:lsdException w:name="toc 8"/><w:lsdException w:name="toc 9"/><w:lsdException w:name="Normal Indent"/><w:lsdException w:name="footnote text"/><w:lsdException w:name="annotation text"/><w:lsdException w:name="header"/><w:lsdException w:name="footer"/><w:lsdException w:name="index heading"/><w:lsdException w:name="caption"/><w:lsdException w:name="table of figures"/><w:lsdException w:name="envelope address"/><w:lsdException w:name="envelope return"/><w:lsdException w:name="footnote reference"/><w:lsdException w:name="annotation reference"/><w:lsdException w:name="line number"/><w:lsdException w:name="page number"/><w:lsdException w:name="endnote reference"/><w:lsdException w:name="endnote text"/><w:lsdException w:name="table of authorities"/><w:lsdException w:name="macro"/><w:lsdException w:name="toa heading"/><w:lsdException w:name="List"/><w:lsdException w:name="List Bullet"/><w:lsdException w:name="List Number"/><w:lsdException w:name="List 2"/><w:lsdException w:name="List 3"/><w:lsdException w:name="List 4"/><w:lsdException w:name="List 5"/><w:lsdException w:name="List Bullet 2"/><w:lsdException w:name="List Bullet 3"/><w:lsdException w:name="List Bullet 4"/><w:lsdException w:name="List Bullet 5"/><w:lsdException w:name="List Number 2"/><w:lsdException w:name="List Number 3"/><w:lsdException w:name="List Number 4"/><w:lsdException w:name="List Number 5"/><w:lsdException w:name="Title"/><w:lsdException w:name="Closing"/><w:lsdException w:name="Signature"/><w:lsdException w:name="Default Paragraph Font"/><w:lsdException w:name="Body Text"/><w:lsdException w:name="Body Text Indent"/><w:lsdException w:name="List Continue"/><w:lsdException w:name="List Continue 2"/><w:lsdException w:name="List Continue 3"/><w:lsdException w:name="List Continue 4"/><w:lsdException w:name="List Continue 5"/><w:lsdException w:name="Message Header"/><w:lsdException w:name="Subtitle"/><w:lsdException w:name="Salutation"/><w:lsdException w:name="Date"/><w:lsdException w:name="Body Text First Indent"/><w:lsdException w:name="Body Text First Indent 2"/><w:lsdException w:name="Note Heading"/><w:lsdException w:name="Body Text 2"/><w:lsdException w:name="Body Text 3"/><w:lsdException w:name="Body Text Indent 2"/><w:lsdException w:name="Body Text Indent 3"/><w:lsdException w:name="Block Text"/><w:lsdException w:name="Hyperlink"/><w:lsdException w:name="FollowedHyperlink"/><w:lsdException w:name="Strong"/><w:lsdException w:name="Emphasis"/><w:lsdException w:name="Document Map"/><w:lsdException w:name="Plain Text"/><w:lsdException w:name="E-mail Signature"/><w:lsdException w:name="HTML Top of Form"/><w:lsdException w:name="HTML Bottom of Form"/><w:lsdException w:name="Normal (Web)"/><w:lsdException w:name="HTML Acronym"/><w:lsdException w:name="HTML Address"/><w:lsdException w:name="HTML Cite"/><w:lsdException w:name="HTML Code"/><w:lsdException w:name="HTML Definition"/><w:lsdException w:name="HTML Keyboard"/><w:lsdException w:name="HTML Preformatted"/><w:lsdException w:name="HTML Sample"/><w:lsdException w:name="HTML Typewriter"/><w:lsdException w:name="HTML Variable"/><w:lsdException w:name="Normal Table"/><w:lsdException w:name="annotation subject"/><w:lsdException w:name="No List"/><w:lsdException w:name="Outline List 1"/><w:lsdException w:name="Outline List 2"/><w:lsdException w:name="Outline List 3"/><w:lsdException w:name="Table Simple 1"/><w:lsdException w:name="Table Simple 2"/><w:lsdException w:name="Table Simple 3"/><w:lsdException w:name="Table Classic 1"/><w:lsdException w:name="Table Classic 2"/><w:lsdException w:name="Table Classic 3"/><w:lsdException w:name="Table Classic 4"/><w:lsdException w:name="Table Colorful 1"/><w:lsdException w:name="Table Colorful 2"/><w:lsdException w:name="Table Colorful 3"/><w:lsdException w:name="Table Columns 1"/><w:lsdException w:name="Table Columns 2"/><w:lsdException w:name="Table Columns 3"/><w:lsdException w:name="Table Columns 4"/><w:lsdException w:name="Table Columns 5"/><w:lsdException w:name="Table Grid 1"/><w:lsdException w:name="Table Grid 2"/><w:lsdException w:name="Table Grid 3"/><w:lsdException w:name="Table Grid 4"/><w:lsdException w:name="Table Grid 5"/><w:lsdException w:name="Table Grid 6"/><w:lsdException w:name="Table Grid 7"/><w:lsdException w:name="Table Grid 8"/><w:lsdException w:name="Table List 1"/><w:lsdException w:name="Table List 2"/><w:lsdException w:name="Table List 3"/><w:lsdException w:name="Table List 4"/><w:lsdException w:name="Table List 5"/><w:lsdException w:name="Table List 6"/><w:lsdException w:name="Table List 7"/><w:lsdException w:name="Table List 8"/><w:lsdException w:name="Table 3D effects 1"/><w:lsdException w:name="Table 3D effects 2"/><w:lsdException w:name="Table 3D effects 3"/><w:lsdException w:name="Table Contemporary"/><w:lsdException w:name="Table Elegant"/><w:lsdException w:name="Table Professional"/><w:lsdException w:name="Table Subtle 1"/><w:lsdException w:name="Table Subtle 2"/><w:lsdException w:name="Table Web 1"/><w:lsdException w:name="Table Web 2"/><w:lsdException w:name="Table Web 3"/><w:lsdException w:name="Balloon Text"/><w:lsdException w:name="Table Grid"/><w:lsdException w:name="Table Theme"/><w:lsdException w:name="Placeholder Text"/><w:lsdException w:name="No Spacing"/><w:lsdException w:name="Light Shading"/><w:lsdException w:name="Light List"/><w:lsdException w:name="Light Grid"/><w:lsdException w:name="Medium Shading 1"/><w:lsdException w:name="Medium Shading 2"/><w:lsdException w:name="Medium List 1"/><w:lsdException w:name="Medium List 2"/><w:lsdException w:name="Medium Grid 1"/><w:lsdException w:name="Medium Grid 2"/><w:lsdException w:name="Medium Grid 3"/><w:lsdException w:name="Dark List"/><w:lsdException w:name="Colorful Shading"/><w:lsdException w:name="Colorful List"/><w:lsdException w:name="Colorful Grid"/><w:lsdException w:name="Light Shading Accent 1"/><w:lsdException w:name="Light List Accent 1"/><w:lsdException w:name="Light Grid Accent 1"/><w:lsdException w:name="Medium Shading 1 Accent 1"/><w:lsdException w:name="Medium Shading 2 Accent 1"/><w:lsdException w:name="Medium List 1 Accent 1"/><w:lsdException w:name="Revision"/><w:lsdException w:name="List Paragraph"/><w:lsdException w:name="Quote"/><w:lsdException w:name="Intense Quote"/><w:lsdException w:name="Medium List 2 Accent 1"/><w:lsdException w:name="Medium Grid 1 Accent 1"/><w:lsdException w:name="Medium Grid 2 Accent 1"/><w:lsdException w:name="Medium Grid 3 Accent 1"/><w:lsdException w:name="Dark List Accent 1"/><w:lsdException w:name="Colorful Shading Accent 1"/><w:lsdException w:name="Colorful List Accent 1"/><w:lsdException w:name="Colorful Grid Accent 1"/><w:lsdException w:name="Light Shading Accent 2"/><w:lsdException w:name="Light List Accent 2"/><w:lsdException w:name="Light Grid Accent 2"/><w:lsdException w:name="Medium Shading 1 Accent 2"/><w:lsdException w:name="Medium Shading 2 Accent 2"/><w:lsdException w:name="Medium List 1 Accent 2"/><w:lsdException w:name="Medium List 2 Accent 2"/><w:lsdException w:name="Medium Grid 1 Accent 2"/><w:lsdException w:name="Medium Grid 2 Accent 2"/><w:lsdException w:name="Medium Grid 3 Accent 2"/><w:lsdException w:name="Dark List Accent 2"/><w:lsdException w:name="Colorful Shading Accent 2"/><w:lsdException w:name="Colorful List Accent 2"/><w:lsdException w:name="Colorful Grid Accent 2"/><w:lsdException w:name="Light Shading Accent 3"/><w:lsdException w:name="Light List Accent 3"/><w:lsdException w:name="Light Grid Accent 3"/><w:lsdException w:name="Medium Shading 1 Accent 3"/><w:lsdException w:name="Medium Shading 2 Accent 3"/><w:lsdException w:name="Medium List 1 Accent 3"/><w:lsdException w:name="Medium List 2 Accent 3"/><w:lsdException w:name="Medium Grid 1 Accent 3"/><w:lsdException w:name="Medium Grid 2 Accent 3"/><w:lsdException w:name="Medium Grid 3 Accent 3"/><w:lsdException w:name="Dark List Accent 3"/><w:lsdException w:name="Colorful Shading Accent 3"/><w:lsdException w:name="Colorful List Accent 3"/><w:lsdException w:name="Colorful Grid Accent 3"/><w:lsdException w:name="Light Shading Accent 4"/><w:lsdException w:name="Light List Accent 4"/><w:lsdException w:name="Light Grid Accent 4"/><w:lsdException w:name="Medium Shading 1 Accent 4"/><w:lsdException w:name="Medium Shading 2 Accent 4"/><w:lsdException w:name="Medium List 1 Accent 4"/><w:lsdException w:name="Medium List 2 Accent 4"/><w:lsdException w:name="Medium Grid 1 Accent 4"/><w:lsdException w:name="Medium Grid 2 Accent 4"/><w:lsdException w:name="Medium Grid 3 Accent 4"/><w:lsdException w:name="Dark List Accent 4"/><w:lsdException w:name="Colorful Shading Accent 4"/><w:lsdException w:name="Colorful List Accent 4"/><w:lsdException w:name="Colorful Grid Accent 4"/><w:lsdException w:name="Light Shading Accent 5"/><w:lsdException w:name="Light List Accent 5"/><w:lsdException w:name="Light Grid Accent 5"/><w:lsdException w:name="Medium Shading 1 Accent 5"/><w:lsdException w:name="Medium Shading 2 Accent 5"/><w:lsdException w:name="Medium List 1 Accent 5"/><w:lsdException w:name="Medium List 2 Accent 5"/><w:lsdException w:name="Medium Grid 1 Accent 5"/><w:lsdException w:name="Medium Grid 2 Accent 5"/><w:lsdException w:name="Medium Grid 3 Accent 5"/><w:lsdException w:name="Dark List Accent 5"/><w:lsdException w:name="Colorful Shading Accent 5"/><w:lsdException w:name="Colorful List Accent 5"/><w:lsdException w:name="Colorful Grid Accent 5"/><w:lsdException w:name="Light Shading Accent 6"/><w:lsdException w:name="Light List Accent 6"/><w:lsdException w:name="Light Grid Accent 6"/><w:lsdException w:name="Medium Shading 1 Accent 6"/><w:lsdException w:name="Medium Shading 2 Accent 6"/><w:lsdException w:name="Medium List 1 Accent 6"/><w:lsdException w:name="Medium List 2 Accent 6"/><w:lsdException w:name="Medium Grid 1 Accent 6"/><w:lsdException w:name="Medium Grid 2 Accent 6"/><w:lsdException w:name="Medium Grid 3 Accent 6"/><w:lsdException w:name="Dark List Accent 6"/><w:lsdException w:name="Colorful Shading Accent 6"/><w:lsdException w:name="Colorful List Accent 6"/><w:lsdException w:name="Colorful Grid Accent 6"/><w:lsdException w:name="Subtle Emphasis"/><w:lsdException w:name="Intense Emphasis"/><w:lsdException w:name="Subtle Reference"/><w:lsdException w:name="Intense Reference"/><w:lsdException w:name="Book Title"/><w:lsdException w:name="Bibliography"/><w:lsdException w:name="TOC Heading"/><w:lsdException w:name="Plain Table 1"/><w:lsdException w:name="Plain Table 2"/><w:lsdException w:name="Plain Table 3"/><w:lsdException w:name="Plain Table 4"/><w:lsdException w:name="Plain Table 5"/><w:lsdException w:name="Grid Table Light"/><w:lsdException w:name="Grid Table 1 Light"/><w:lsdException w:name="Grid Table 2"/><w:lsdException w:name="Grid Table 3"/><w:lsdException w:name="Grid Table 4"/><w:lsdException w:name="Grid Table 5 Dark"/><w:lsdException w:name="Grid Table 6 Colorful"/><w:lsdException w:name="Grid Table 7 Colorful"/><w:lsdException w:name="Grid Table 1 Light Accent 1"/><w:lsdException w:name="Grid Table 2 Accent 1"/><w:lsdException w:name="Grid Table 3 Accent 1"/><w:lsdException w:name="Grid Table 4 Accent 1"/><w:lsdException w:name="Grid Table 5 Dark Accent 1"/><w:lsdException w:name="Grid Table 6 Colorful Accent 1"/><w:lsdException w:name="Grid Table 7 Colorful Accent 1"/><w:lsdException w:name="Grid Table 1 Light Accent 2"/><w:lsdException w:name="Grid Table 2 Accent 2"/><w:lsdException w:name="Grid Table 3 Accent 2"/><w:lsdException w:name="Grid Table 4 Accent 2"/><w:lsdException w:name="Grid Table 5 Dark Accent 2"/><w:lsdException w:name="Grid Table 6 Colorful Accent 2"/><w:lsdException w:name="Grid Table 7 Colorful Accent 2"/><w:lsdException w:name="Grid Table 1 Light Accent 3"/><w:lsdException w:name="Grid Table 2 Accent 3"/><w:lsdException w:name="Grid Table 3 Accent 3"/><w:lsdException w:name="Grid Table 4 Accent 3"/><w:lsdException w:name="Grid Table 5 Dark Accent 3"/><w:lsdException w:name="Grid Table 6 Colorful Accent 3"/><w:lsdException w:name="Grid Table 7 Colorful Accent 3"/><w:lsdException w:name="Grid Table 1 Light Accent 4"/><w:lsdException w:name="Grid Table 2 Accent 4"/><w:lsdException w:name="Grid Table 3 Accent 4"/><w:lsdException w:name="Grid Table 4 Accent 4"/><w:lsdException w:name="Grid Table 5 Dark Accent 4"/><w:lsdException w:name="Grid Table 6 Colorful Accent 4"/><w:lsdException w:name="Grid Table 7 Colorful Accent 4"/><w:lsdException w:name="Grid Table 1 Light Accent 5"/><w:lsdException w:name="Grid Table 2 Accent 5"/><w:lsdException w:name="Grid Table 3 Accent 5"/><w:lsdException w:name="Grid Table 4 Accent 5"/><w:lsdException w:name="Grid Table 5 Dark Accent 5"/><w:lsdException w:name="Grid Table 6 Colorful Accent 5"/><w:lsdException w:name="Grid Table 7 Colorful Accent 5"/><w:lsdException w:name="Grid Table 1 Light Accent 6"/><w:lsdException w:name="Grid Table 2 Accent 6"/><w:lsdException w:name="Grid Table 3 Accent 6"/><w:lsdException w:name="Grid Table 4 Accent 6"/><w:lsdException w:name="Grid Table 5 Dark Accent 6"/><w:lsdException w:name="Grid Table 6 Colorful Accent 6"/><w:lsdException w:name="Grid Table 7 Colorful Accent 6"/><w:lsdException w:name="List Table 1 Light"/><w:lsdException w:name="List Table 2"/><w:lsdException w:name="List Table 3"/><w:lsdException w:name="List Table 4"/><w:lsdException w:name="List Table 5 Dark"/><w:lsdException w:name="List Table 6 Colorful"/><w:lsdException w:name="List Table 7 Colorful"/><w:lsdException w:name="List Table 1 Light Accent 1"/><w:lsdException w:name="List Table 2 Accent 1"/><w:lsdException w:name="List Table 3 Accent 1"/><w:lsdException w:name="List Table 4 Accent 1"/><w:lsdException w:name="List Table 5 Dark Accent 1"/><w:lsdException w:name="List Table 6 Colorful Accent 1"/><w:lsdException w:name="List Table 7 Colorful Accent 1"/><w:lsdException w:name="List Table 1 Light Accent 2"/><w:lsdException w:name="List Table 2 Accent 2"/><w:lsdException w:name="List Table 3 Accent 2"/><w:lsdException w:name="List Table 4 Accent 2"/><w:lsdException w:name="List Table 5 Dark Accent 2"/><w:lsdException w:name="List Table 6 Colorful Accent 2"/><w:lsdException w:name="List Table 7 Colorful Accent 2"/><w:lsdException w:name="List Table 1 Light Accent 3"/><w:lsdException w:name="List Table 2 Accent 3"/><w:lsdException w:name="List Table 3 Accent 3"/><w:lsdException w:name="List Table 4 Accent 3"/><w:lsdException w:name="List Table 5 Dark Accent 3"/><w:lsdException w:name="List Table 6 Colorful Accent 3"/><w:lsdException w:name="List Table 7 Colorful Accent 3"/><w:lsdException w:name="List Table 1 Light Accent 4"/><w:lsdException w:name="List Table 2 Accent 4"/><w:lsdException w:name="List Table 3 Accent 4"/><w:lsdException w:name="List Table 4 Accent 4"/><w:lsdException w:name="List Table 5 Dark Accent 4"/><w:lsdException w:name="List Table 6 Colorful Accent 4"/><w:lsdException w:name="List Table 7 Colorful Accent 4"/><w:lsdException w:name="List Table 1 Light Accent 5"/><w:lsdException w:name="List Table 2 Accent 5"/><w:lsdException w:name="List Table 3 Accent 5"/><w:lsdException w:name="List Table 4 Accent 5"/><w:lsdException w:name="List Table 5 Dark Accent 5"/><w:lsdException w:name="List Table 6 Colorful Accent 5"/><w:lsdException w:name="List Table 7 Colorful Accent 5"/><w:lsdException w:name="List Table 1 Light Accent 6"/><w:lsdException w:name="List Table 2 Accent 6"/><w:lsdException w:name="List Table 3 Accent 6"/><w:lsdException w:name="List Table 4 Accent 6"/><w:lsdException w:name="List Table 5 Dark Accent 6"/><w:lsdException w:name="List Table 6 Colorful Accent 6"/><w:lsdException w:name="List Table 7 Colorful Accent 6"/><w:lsdException w:name="Mention"/><w:lsdException w:name="Smart Hyperlink"/><w:lsdException w:name="Hashtag"/><w:lsdException w:name="Unresolved Mention"/></w:latentStyles><w:style w:type="paragraph" w:default="on" w:styleId="Normal"><w:name w:val="Normal"/><w:pPr><w:spacing w:after="160" w:line="259" w:line-rule="auto"/></w:pPr><w:rPr><wx:font wx:val="Calibri"/><w:sz w:val="22"/><w:sz-cs w:val="22"/><w:lang w:val="2000" w:fareast="EN-US" w:bidi="AR-SA"/></w:rPr></w:style><w:style w:type="character" w:default="on" w:styleId="DefaultParagraphFont"><w:name w:val="Default Paragraph Font"/></w:style><w:style w:type="table" w:default="on" w:styleId="TableNormal"><w:name w:val="Normal Table"/><wx:uiName wx:val="Table Normal"/><w:rPr><wx:font wx:val="Calibri"/><w:lang w:val="2000" w:fareast="2000" w:bidi="AR-SA"/></w:rPr><w:tblPr><w:tblInd w:w="0" w:type="dxa"/><w:tblCellMar><w:top w:w="0" w:type="dxa"/><w:left w:w="108" w:type="dxa"/><w:bottom w:w="0" w:type="dxa"/><w:right w:w="108" w:type="dxa"/></w:tblCellMar></w:tblPr></w:style><w:style w:type="list" w:default="on" w:styleId="NoList"><w:name w:val="No List"/></w:style><w:style w:type="paragraph" w:styleId="PlainText"><w:name w:val="Plain Text"/><w:basedOn w:val="Normal"/><w:link w:val="PlainTextChar"/><w:rsid w:val="00EB4627"/><w:pPr><w:spacing w:after="0" w:line="240" w:line-rule="auto"/></w:pPr><w:rPr><w:rFonts w:ascii="Consolas" w:h-ansi="Consolas"/><wx:font wx:val="Consolas"/><w:sz w:val="21"/><w:sz-cs w:val="21"/></w:rPr></w:style><w:style w:type="character" w:styleId="PlainTextChar"><w:name w:val="Plain Text Char"/><w:link w:val="PlainText"/><w:rsid w:val="00EB4627"/><w:rPr><w:rFonts w:ascii="Consolas" w:h-ansi="Consolas"/><w:sz w:val="21"/><w:sz-cs w:val="21"/></w:rPr></w:style></w:styles><w:shapeDefaults><o:shapedefaults v:ext="edit" spidmax="1026"/><o:shapelayout v:ext="edit"><o:idmap v:ext="edit" data="1"/></o:shapelayout></w:shapeDefaults><w:docPr><w:view w:val="print"/><w:zoom w:percent="100"/><w:doNotEmbedSystemFonts/><w:defaultTabStop w:val="720"/><w:punctuationKerning/><w:characterSpacingControl w:val="DontCompress"/><w:optimizeForBrowser/><w:allowPNG/><w:savePreviewPicture/><w:validateAgainstSchema/><w:saveInvalidXML w:val="off"/><w:ignoreMixedContent w:val="off"/><w:alwaysShowPlaceholderText w:val="off"/><w:compat><w:breakWrappedTables/><w:snapToGridInCell/><w:wrapTextWithPunct/><w:useAsianBreakRules/><w:dontGrowAutofit/></w:compat><wsp:rsids><wsp:rsidRoot wsp:val="008A6D77"/><wsp:rsid wsp:val="0040267A"/><wsp:rsid wsp:val="008A6D77"/><wsp:rsid wsp:val="009F7A6D"/><wsp:rsid wsp:val="00EB4AE2"/></wsp:rsids></w:docPr><w:body><wx:sect><w:p wsp:rsidR="00EB4AE2" wsp:rsidRDefault="00EB4AE2" wsp:rsidP="00EB4AE2"><w:pPr><w:pStyle w:val="PlainText"/><w:rPr><w:rFonts w:ascii="Courier New" w:h-ansi="Courier New" w:cs="Courier New"/><wx:font wx:val="Courier New"/><w:rtl/></w:rPr></w:pPr><w:r wsp:rsidRPr="00EB4AE2"><w:rPr><w:rFonts w:ascii="Courier New" w:h-ansi="Courier New" w:cs="Courier New"/><wx:font wx:val="Courier New"/><w:rtl/></w:rPr><w:t>نگی کہ وہ بھی آپ سے شیئر کریں اور یہ جناب قریش خطاب ہیں وہ لکھنے میں نے آج تک پاکستانی وزیراعظم کو بھارتی وزیراعظم کو مکمل کرتے نہیں دیکھا اور اب یہ دیکھ لیا ہے اعتماد مسافرین دی برباد ہوگئے ان کا کہنا ہے کہ کہتے ہیں فوری طور پر تھپڑ مار کر میچ دیکھنے لگا بڑی زبردست چیز ہے اور اس کو خوش آمدید بھی کہا جارہا ہے پاکستان کے ایک نظریے اور طبیعت ٹھیک ہے وہ بھی آپ سے شیئر کر لیتے ہیں یہ نہیں بتایا گیا کہ آدمی کی جو ہے جنہوں نے امریکہ برطانیہ اور آسٹریلیا کے فوجی سربراہان سے رابطہ ہوا ہے اور اس سے لطف اندوز کرنے کے لئے ان کی باتیں بھی ہے اور یہ تمام لوگ جو ہیں وہ چاہتے ہیں کہ پاکستان میں کیا سوانح-نور اور بہتر طریقے سے کرنا چاہتی ہیں یہ پاکستان کب پوری دنیا میں ہمیں صوفی کہ آپ نے مقدمہ بہت بہتر انداز میں لے کر دنیا کے کام جاری ہے اور کہیں مضمون سے وزیرہ بھی مل رہی ہے شاعری انڈیا عادی ہو گیا تھا کہ جب بھی کوئی نہ کوئی واقعہ ہوتا تھا یہاں پر لکھنے سے پہلے اس قسم کے سرے سے غور کیا جاتا تھا ماضی میں بھی تو یہ کہتا تھا دنیا کو مار دیتے ہیں</w:t></w:r></w:p><w:sectPr wsp:rsidR="00EB4AE2" wsp:rsidSect="00EB4627"><w:pgSz w:w="11906" w:h="16838"/><w:pgMar w:top="1440" w:right="912" w:bottom="1440" w:left="912" w:header="708" w:footer="708" w:gutter="0"/><w:cols w:space="708"/><w:docGrid w:line-pitch="360"/></w:sectPr></wx:sect></w:body></w:wordDocument>